,year_month,Date,Open,High,Low,Close,Volume,granularity
0,1976-03,1976-03-31,102.01,103.08,101.6,102.77,9733333,month_end
1,1976-04,1976-04-30,102.13,102.65,101.16,101.64,8072222,month_end
2,1976-05,1976-05-28,99.38,100.64,99.0,100.18,9366667,month_end
3,1976-06,1976-06-30,103.86,105.07,103.52,104.28,13238889,month_end
4,1976-07,1976-07-30,102.93,103.88,102.47,103.44,8238889,month_end
5,1976-08,1976-08-31,102.07,103.38,101.94,102.91,8600000,month_end
6,1976-09,1976-09-30,105.37,105.84,104.57,105.24,8166667,month_end
7,1976-10,1976-10-29,101.61,103.1,101.15,102.9,9461111,month_end
8,1976-11,1976-11-30,102.44,102.72,101.46,102.1,9461111,month_end
9,1976-12,1976-12-31,106.88,107.82,106.55,107.46,10650000,month_end
10,1977-01,1977-01-31,101.93,102.44,100.91,102.03,12733333,month_end
11,1977-02,1977-02-28,99.48,100.06,98.91,99.82,9011111,month_end
12,1977-03,1977-03-31,98.54,99.14,97.8,98.42,9172222,month_end
13,1977-04,1977-04-29,98.2,98.87,97.58,98.44,10183333,month_end
14,1977-05,1977-05-31,96.27,96.75,95.52,96.12,9888889,month_end
15,1977-06,1977-06-30,100.11,100.88,99.68,100.48,10783333,month_end
16,1977-07,1977-07-29,98.79,99.21,97.71,98.85,11305556,month_end
17,1977-08,1977-08-31,96.38,97.0,95.59,96.77,10600000,month_end
18,1977-09,1977-09-30,95.85,96.85,95.66,96.53,11761111,month_end
19,1977-10,1977-10-31,92.61,93.03,91.85,92.34,9483333,month_end
20,1977-11,1977-11-30,94.55,95.17,93.78,94.83,12594444,month_end
21,1977-12,1977-12-30,94.94,95.67,94.44,95.1,13088889,month_end
22,1978-01,1978-01-31,89.34,89.92,88.61,89.25,11038889,month_end
23,1978-02,1978-02-28,87.72,87.76,86.58,87.04,10972222,month_end
24,1978-03,1978-03-31,89.41,89.64,88.68,89.21,11183333,month_end
25,1978-04,1978-04-28,95.86,97.1,95.24,96.83,18250000,month_end
26,1978-05,1978-05-31,96.86,97.97,96.5,97.24,16150000,month_end
27,1978-06,1978-06-30,95.57,95.96,94.87,95.53,10055556,month_end
28,1978-07,1978-07-31,100.0,101.18,99.37,100.68,18883333,month_end
29,1978-08,1978-08-31,103.5,104.05,102.63,103.29,18805556,month_end
30,1978-09,1978-09-29,101.96,103.08,101.65,102.54,13116667,month_end
31,1978-10,1978-10-31,95.06,95.8,92.72,93.15,23733333,month_end
32,1978-11,1978-11-30,93.75,94.94,93.29,94.7,11055556,month_end
33,1978-12,1978-12-29,96.28,97.03,95.48,96.11,16683333,month_end
34,1979-01,1979-01-31,101.05,101.41,99.47,99.93,16850000,month_end
35,1979-02,1979-02-28,96.13,96.69,95.38,96.28,13938889,month_end
36,1979-03,1979-03-30,102.03,102.51,101.03,101.59,16650000,month_end
37,1979-04,1979-04-30,101.8,102.24,100.91,101.76,14688889,month_end
38,1979-05,1979-05-31,99.11,99.61,98.29,99.08,16833333,month_end
39,1979-06,1979-06-29,102.8,103.67,102.04,102.91,19272222,month_end
40,1979-07,1979-07-31,103.15,104.26,102.89,103.81,19088889,month_end
41,1979-08,1979-08-31,109.02,109.8,108.58,109.32,14650000,month_end
42,1979-09,1979-09-28,110.21,110.67,108.7,109.32,19972222,month_end
43,1979-10,1979-10-31,102.67,103.16,101.38,101.82,15433333,month_end
44,1979-11,1979-11-30,106.81,107.16,105.56,106.16,16933333,month_end
45,1979-12,1979-12-31,107.84,108.53,107.26,107.94,17516667,month_end
46,1980-01,1980-01-31,115.2,117.17,113.78,114.16,36611111,month_end
47,1980-02,1980-02-29,112.35,114.12,111.77,113.66,21561111,month_end
48,1980-03,1980-03-31,100.68,102.65,100.02,102.09,19911111,month_end
49,1980-04,1980-04-30,105.86,106.72,104.5,106.29,17138889,month_end
50,1980-05,1980-05-30,110.27,111.55,108.87,111.24,19344444,month_end
51,1980-06,1980-06-30,116.0,116.04,113.55,114.24,16616667,month_end
52,1980-07,1980-07-31,122.23,122.34,119.4,121.67,30338889,month_end
53,1980-08,1980-08-29,122.08,123.01,121.06,122.38,18616667,month_end
54,1980-09,1980-09-30,123.54,126.09,123.54,125.46,22383333,month_end
55,1980-10,1980-10-31,126.29,128.24,125.29,127.47,22283333,month_end
56,1980-11,1980-11-28,140.17,141.54,139.0,140.52,19022222,month_end
57,1980-12,1980-12-31,135.33,136.76,134.29,135.76,22894444,month_end
58,1981-01,1981-01-30,130.24,131.65,128.61,129.55,22866667,month_end
59,1981-02,1981-02-27,130.1,132.02,129.35,131.27,29561111,month_end
60,1981-03,1981-03-31,134.68,137.15,134.68,136.0,28322222,month_end
61,1981-04,1981-04-30,133.05,134.44,131.85,132.81,26650000,month_end
62,1981-05,1981-05-29,133.45,134.36,131.52,132.59,28655556,month_end
63,1981-06,1981-06-30,131.89,132.67,130.31,131.21,23083333,month_end
64,1981-07,1981-07-31,130.01,131.78,129.6,130.92,24155556,month_end
65,1981-08,1981-08-31,124.08,125.58,122.29,122.79,22422222,month_end
66,1981-09,1981-09-30,115.94,117.05,114.6,116.18,22611111,month_end
67,1981-10,1981-10-30,119.06,122.53,118.43,121.89,33094444,month_end
68,1981-11,1981-11-30,125.09,126.97,124.18,126.35,26433333,month_end
69,1981-12,1981-12-31,122.3,123.42,121.57,122.55,22655556,month_end
70,1982-01,1982-01-29,118.92,121.38,118.64,120.4,40777778,month_end
71,1982-02,1982-02-26,113.21,114.01,112.04,113.11,24355556,month_end
72,1982-03,1982-03-31,112.27,113.17,111.32,111.96,24055556,month_end
73,1982-04,1982-04-30,116.21,116.78,116.07,116.44,26777778,month_end
74,1982-05,1982-05-28,112.79,112.8,111.66,111.88,24388889,month_end
75,1982-06,1982-06-30,110.95,111.0,109.5,109.61,36266667,month_end
76,1982-07,1982-07-30,107.35,107.95,107.01,107.09,21816667,month_end
77,1982-08,1982-08-31,117.65,119.6,117.65,119.51,47977778,month_end
78,1982-09,1982-09-30,121.62,121.62,120.14,120.42,34783333,month_end
79,1982-10,1982-10-29,133.54,134.02,132.64,133.72,41572222,month_end
80,1982-11,1982-11-30,134.2,138.53,134.19,138.53,51927778,month_end
81,1982-12,1982-12-31,140.34,140.78,140.27,140.64,23394444,month_end
82,1983-01,1983-01-31,144.51,145.3,143.93,145.3,37300000,month_end
83,1983-02,1983-02-28,149.74,149.74,147.81,148.06,46527778,month_end
84,1983-03,1983-03-31,153.41,155.02,152.86,152.96,55872222,month_end
85,1983-04,1983-04-29,162.97,164.43,162.72,164.43,58750000,month_end
86,1983-05,1983-05-31,164.44,164.44,162.12,162.39,41061111,month_end
87,1983-06,1983-06-30,167.64,167.64,167.64,167.64,42394444,month_end
88,1983-07,1983-07-29,165.03,165.03,161.5,162.56,52911111,month_end
89,1983-08,1983-08-31,162.55,164.4,162.32,164.4,44888889,month_end
90,1983-09,1983-09-30,167.23,167.23,165.63,166.07,39366667,month_end
91,1983-10,1983-10-31,163.37,164.58,162.86,163.55,44144444,month_end
92,1983-11,1983-11-30,167.91,168.07,166.33,166.4,66738889,month_end
93,1983-12,1983-12-30,164.86,165.05,164.58,164.93,39911111,month_end
94,1984-01,1984-01-31,162.87,163.6,162.03,163.41,63061111,month_end
95,1984-02,1984-02-29,156.82,158.27,156.41,157.06,51561111,month_end
96,1984-03,1984-03-30,159.52,159.52,158.92,159.18,39772222,month_end
97,1984-04,1984-04-30,159.89,160.43,159.3,160.05,40411111,month_end
98,1984-05,1984-05-31,150.35,150.69,149.76,150.55,45494444,month_end
99,1984-06,1984-06-29,152.84,154.08,152.82,153.18,50427778,month_end
100,1984-07,1984-07-31,150.19,150.77,149.65,150.66,48283333,month_end
101,1984-08,1984-08-31,166.6,166.68,165.78,166.68,31922222,month_end
102,1984-09,1984-09-28,166.96,166.96,165.77,166.1,43861111,month_end
103,1984-10,1984-10-31,166.74,166.95,165.99,166.09,51050000,month_end
104,1984-11,1984-11-30,163.91,163.91,162.99,163.58,43100000,month_end
105,1984-12,1984-12-31,166.26,167.34,166.06,167.24,44588889,month_end
106,1985-01,1985-01-31,179.39,179.83,178.56,179.63,73611111,month_end
107,1985-02,1985-02-28,180.71,181.21,180.33,181.18,55944444,month_end
108,1985-03,1985-03-29,179.54,180.66,179.54,180.66,56333333,month_end
109,1985-04,1985-04-30,180.63,180.63,178.86,179.83,62111111,month_end
110,1985-05,1985-05-31,187.75,189.59,187.45,189.55,74500000,month_end
111,1985-06,1985-06-28,191.23,191.85,191.04,191.85,58444444,month_end
112,1985-07,1985-07-31,189.93,191.33,189.93,190.92,69000000,month_end
113,1985-08,1985-08-30,188.93,189.13,188.0,188.63,45344444,month_end
114,1985-09,1985-09-30,181.3,182.08,181.22,182.08,57555556,month_end
115,1985-10,1985-10-31,190.07,190.15,189.35,189.82,67500000,month_end
116,1985-11,1985-11-29,202.54,203.4,201.92,202.17,46700000,month_end
117,1985-12,1985-12-31,210.68,211.61,210.68,211.28,62611111,month_end
118,1986-01,1986-01-31,209.33,212.42,209.19,211.78,79722222,month_end
119,1986-02,1986-02-28,226.77,227.92,225.42,226.92,106500000,month_end
120,1986-03,1986-03-31,238.97,239.86,238.08,238.9,74666667,month_end
121,1986-04,1986-04-30,240.52,240.52,235.26,235.52,81944444,month_end
122,1986-05,1986-05-30,247.98,249.19,246.43,247.35,84000000,month_end
123,1986-06,1986-06-30,249.6,251.81,249.6,250.84,75055556,month_end
124,1986-07,1986-07-31,236.59,236.92,235.89,236.12,62611111,month_end
125,1986-08,1986-08-29,252.84,254.07,251.73,252.93,69611111,month_end
126,1986-09,1986-09-30,229.91,233.01,229.91,231.32,69388889,month_end
127,1986-10,1986-10-31,243.7,244.51,242.95,243.98,81777778,month_end
128,1986-11,1986-11-28,248.82,249.22,248.07,249.22,51961111,month_end
129,1986-12,1986-12-31,243.37,244.03,241.28,242.17,77333333,month_end
130,1987-01,1987-01-30,274.24,274.24,271.38,274.08,90777778,month_end
131,1987-02,1987-02-27,282.96,284.55,282.77,284.2,79333333,month_end
132,1987-03,1987-03-31,289.21,291.87,289.07,291.7,95444444,month_end
133,1987-04,1987-04-30,284.58,290.08,284.57,288.36,101722222,month_end
134,1987-05,1987-05-29,290.77,292.87,289.7,290.1,85277778,month_end
135,1987-06,1987-06-30,307.89,308.0,303.01,304.0,91944444,month_end
136,1987-07,1987-07-31,318.05,318.85,317.56,318.66,101055556,month_end
137,1987-08,1987-08-31,327.03,330.09,326.99,329.8,92111111,month_end
138,1987-09,1987-09-30,321.69,322.53,320.16,321.83,101722222,month_end
139,1987-10,1987-10-30,244.77,254.04,244.77,251.79,168555556,month_end
140,1987-11,1987-11-30,240.27,240.34,225.75,230.3,149394444,month_end
141,1987-12,1987-12-31,247.84,247.86,245.22,247.08,94522222,month_end
142,1988-01,1988-01-29,253.31,257.07,252.7,257.07,117711111,month_end
143,1988-02,1988-02-29,262.46,267.82,262.46,267.82,131138889,month_end
144,1988-03,1988-03-31,258.03,259.03,256.16,258.89,77705556,month_end
145,1988-04,1988-04-29,262.59,262.61,259.97,261.33,75344444,month_end
146,1988-05,1988-05-31,253.44,262.16,253.42,262.16,137561111,month_end
147,1988-06,1988-06-30,271.0,273.51,270.97,273.5,126338889,month_end
148,1988-07,1988-07-29,266.04,272.02,266.02,272.02,106855556,month_end
149,1988-08,1988-08-31,262.51,263.8,261.21,261.52,72488889,month_end
150,1988-09,1988-09-30,272.55,274.87,271.66,271.91,97638889,month_end
151,1988-10,1988-10-31,278.54,279.39,277.14,278.97,79700000,month_end
152,1988-11,1988-11-30,270.91,274.36,270.9,273.7,87672222,month_end
153,1988-12,1988-12-30,279.39,279.78,277.72,277.72,70672222,month_end
154,1989-01,1989-01-31,294.99,297.51,293.57,297.47,107805556,month_end
155,1989-02,1989-02-28,287.82,289.42,287.63,288.86,81905556,month_end
156,1989-03,1989-03-31,292.52,294.96,292.52,294.87,94977778,month_end
157,1989-04,1989-04-28,309.58,309.65,308.48,309.64,87994444,month_end
158,1989-05,1989-05-31,319.05,321.3,318.68,320.52,90294444,month_end
159,1989-06,1989-06-30,319.67,319.97,314.38,317.98,94716667,month_end
160,1989-07,1989-07-31,342.13,346.08,342.02,346.08,92583333,month_end
161,1989-08,1989-08-31,350.65,351.45,350.21,351.45,80455556,month_end
162,1989-09,1989-09-29,348.6,350.31,348.12,349.15,86277778,month_end
163,1989-10,1989-10-31,335.08,340.86,335.07,340.36,97833333,month_end
164,1989-11,1989-11-30,343.6,346.5,343.57,345.99,85111111,month_end
165,1989-12,1989-12-29,350.68,353.41,350.67,353.4,81077778,month_end
166,1990-01,1990-01-31,322.98,329.08,322.98,329.08,105366667,month_end
167,1990-02,1990-02-28,330.26,333.48,330.16,331.89,102444444,month_end
168,1990-03,1990-03-30,340.79,341.41,338.21,339.94,77411111,month_end
169,1990-04,1990-04-30,329.11,331.31,327.76,330.8,68194444,month_end
170,1990-05,1990-05-31,360.86,361.84,360.23,361.23,92050000,month_end
171,1990-06,1990-06-29,357.64,359.09,357.3,358.02,80838889,month_end
172,1990-07,1990-07-31,355.55,357.54,353.91,356.15,97433333,month_end
173,1990-08,1990-08-31,318.71,322.57,316.59,322.56,53600000,month_end
174,1990-09,1990-09-28,300.97,306.05,295.98,306.05,111672222,month_end
175,1990-10,1990-10-31,304.06,305.7,302.33,304.0,86700000,month_end
176,1990-11,1990-11-30,316.42,323.02,315.42,322.22,106861111,month_end
177,1990-12,1990-12-31,328.71,330.23,327.5,330.22,63405556,month_end
178,1991-01,1991-01-31,340.92,343.93,340.47,343.93,113622222,month_end
179,1991-02,1991-02-28,367.73,369.91,365.95,367.07,123894444,month_end
180,1991-03,1991-03-28,375.35,376.6,374.4,375.22,83750000,month_end
181,1991-04,1991-04-30,373.66,377.86,373.01,375.34,114572222,month_end
182,1991-05,1991-05-31,386.96,389.85,385.01,389.83,128911111,month_end
183,1991-06,1991-06-28,374.4,374.4,367.98,371.16,90983333,month_end
184,1991-07,1991-07-31,386.69,387.81,386.19,387.81,92683333,month_end
185,1991-08,1991-08-30,396.47,396.47,393.6,395.43,79688889,month_end
186,1991-09,1991-09-30,385.91,388.29,384.32,387.86,81544444,month_end
187,1991-10,1991-10-31,392.96,392.96,391.58,392.45,99822222,month_end
188,1991-11,1991-11-29,376.55,376.55,374.65,375.22,42683333,month_end
189,1991-12,1991-12-31,415.14,418.32,412.73,417.09,137266667,month_end
190,1992-01,1992-01-31,411.65,412.63,408.64,408.78,109788889,month_end
191,1992-02,1992-02-28,413.86,416.07,411.8,412.7,112400000,month_end
192,1992-03,1992-03-31,403.0,405.21,402.22,403.69,101311111,month_end
193,1992-04,1992-04-30,412.02,414.95,412.02,414.95,124216667,month_end
194,1992-05,1992-05-29,416.74,418.36,415.35,415.35,113338889,month_end
195,1992-06,1992-06-30,408.94,409.63,407.85,408.14,108627778,month_end
196,1992-07,1992-07-31,423.92,424.8,422.46,424.21,96066667,month_end
197,1992-08,1992-08-31,414.87,415.29,413.76,414.03,89711111,month_end
198,1992-09,1992-09-30,416.79,418.58,416.67,417.8,102483333,month_end
199,1992-10,1992-10-30,420.86,421.13,418.54,418.68,112183333,month_end
200,1992-11,1992-11-30,430.19,431.53,429.36,431.35,127861111,month_end
201,1992-12,1992-12-31,438.82,439.59,435.71,435.71,92172222,month_end
202,1993-01,1993-01-29,438.67,438.93,436.91,438.78,137333333,month_end
203,1993-02,1993-02-26,442.34,443.77,440.98,443.38,130088889,month_end
204,1993-03,1993-03-31,451.97,454.88,451.67,451.67,155105556,month_end
205,1993-04,1993-04-30,438.89,442.29,438.89,440.19,137477778,month_end
206,1993-05,1993-05-28,452.41,452.41,447.67,450.19,115455556,month_end
207,1993-06,1993-06-30,450.69,451.47,450.15,450.53,156177778,month_end
208,1993-07,1993-07-30,450.19,450.22,446.98,448.13,141344444,month_end
209,1993-08,1993-08-31,461.9,463.56,461.29,463.56,140461111,month_end
210,1993-09,1993-09-30,460.11,460.56,458.28,458.93,156100000,month_end
211,1993-10,1993-10-29,467.72,468.2,467.37,467.83,150316667,month_end
212,1993-11,1993-11-30,461.9,463.62,460.45,461.79,159255556,month_end
213,1993-12,1993-12-31,468.66,470.75,466.45,466.45,93661111,month_end
214,1994-01,1994-01-31,478.7,482.85,478.7,481.61,179372222,month_end
215,1994-02,1994-02-28,466.07,469.16,466.07,467.14,149272222,month_end
216,1994-03,1994-03-31,445.55,447.16,436.16,445.77,224211111,month_end
217,1994-04,1994-04-29,449.07,451.35,447.91,450.91,163316667,month_end
218,1994-05,1994-05-31,457.32,457.61,455.16,456.5,120388889,month_end
219,1994-06,1994-06-30,447.63,448.61,443.66,444.27,163005556,month_end
220,1994-07,1994-07-29,454.25,459.33,454.25,458.26,149755556,month_end
221,1994-08,1994-08-31,476.07,477.59,474.43,475.49,197027778,month_end
222,1994-09,1994-09-30,462.27,465.3,461.91,462.71,162166667,month_end
223,1994-10,1994-10-31,473.76,474.74,472.33,472.35,168233333,month_end
224,1994-11,1994-11-30,455.17,457.13,453.27,453.69,165916667,month_end
225,1994-12,1994-12-30,461.17,462.12,459.24,459.27,142366667,month_end
226,1995-01,1995-01-31,468.51,471.03,468.18,470.42,228661111,month_end
227,1995-02,1995-02-28,483.81,487.44,483.77,487.39,176233333,month_end
228,1995-03,1995-03-31,501.94,502.22,495.7,500.71,196144444,month_end
229,1995-04,1995-04-28,513.64,515.29,510.9,514.71,178022222,month_end
230,1995-05,1995-05-31,523.7,533.41,522.17,533.4,198988889,month_end
231,1995-06,1995-06-30,543.87,546.82,543.51,544.75,173138889,month_end
232,1995-07,1995-07-31,562.93,563.49,560.06,562.06,162194444,month_end
233,1995-08,1995-08-31,561.09,562.36,560.49,561.88,167177778,month_end
234,1995-09,1995-09-29,585.87,587.61,584.0,584.41,186250000,month_end
235,1995-10,1995-10-31,583.25,586.71,581.5,581.5,209661111,month_end
236,1995-11,1995-11-30,607.64,608.69,605.37,605.37,244472222,month_end
237,1995-12,1995-12-29,614.12,615.93,612.36,615.93,178472222,month_end
238,1996-01,1996-01-31,630.15,636.18,629.48,636.02,262338889,month_end
239,1996-02,1996-02-29,644.75,646.95,639.01,640.43,251761111,month_end
240,1996-03,1996-03-29,648.94,650.96,644.89,645.5,229727778,month_end
241,1996-04,1996-04-30,654.16,654.59,651.05,654.17,218550000,month_end
242,1996-05,1996-05-31,671.7,673.46,667.0,669.12,195416667,month_end
243,1996-06,1996-06-28,668.55,672.68,668.55,670.63,261366667,month_end
244,1996-07,1996-07-31,635.26,640.54,633.74,639.95,224200000,month_end
245,1996-08,1996-08-30,657.4,657.71,650.52,651.99,143544444,month_end
246,1996-09,1996-09-30,686.19,690.11,686.03,687.33,215872222,month_end
247,1996-10,1996-10-31,700.9,706.61,700.35,705.27,268244444,month_end
248,1996-11,1996-11-29,755.0,758.27,755.0,757.02,8327778,month_end
249,1996-12,1996-12-31,753.85,753.95,740.74,740.74,222088889,month_end
250,1997-01,1997-01-31,784.17,791.86,784.17,786.16,321416667,month_end
251,1997-02,1997-02-28,795.07,795.7,788.5,790.82,282377778,month_end
252,1997-03,1997-03-31,773.88,773.88,756.13,757.12,308822222,month_end
253,1997-04,1997-04-30,794.05,804.13,791.21,801.34,308927778,month_end
254,1997-05,1997-05-30,844.08,851.87,831.87,848.28,298444444,month_end
255,1997-06,1997-06-30,887.3,892.62,879.82,885.14,311966667,month_end
256,1997-07,1997-07-31,952.29,957.73,948.89,954.31,304350000,month_end
257,1997-08,1997-08-29,903.67,907.28,896.82,899.47,229950000,month_end
258,1997-09,1997-09-30,953.34,955.17,947.28,947.28,326388889,month_end
259,1997-10,1997-10-31,903.68,919.93,903.68,914.62,354483333,month_end
260,1997-11,1997-11-28,951.64,959.13,951.64,955.4,105038889,month_end
261,1997-12,1997-12-31,970.84,975.02,967.41,970.43,259600000,month_end
262,1998-01,1998-01-30,985.49,987.41,979.63,980.28,340766667,month_end
263,1998-02,1998-02-27,1048.67,1051.66,1044.4,1049.34,319155556,month_end
264,1998-03,1998-03-31,1093.55,1110.13,1093.55,1101.75,374961111,month_end
265,1998-04,1998-04-30,1094.63,1116.97,1094.63,1111.75,386444444,month_end
266,1998-05,1998-05-29,1097.6,1104.16,1090.82,1090.82,309322222,month_end
267,1998-06,1998-06-30,1138.49,1140.8,1131.98,1133.84,420666667,month_end
268,1998-07,1998-07-31,1142.95,1142.97,1114.3,1120.67,358838889,month_end
269,1998-08,1998-08-31,1027.14,1033.47,957.28,957.28,509722222,month_end
270,1998-09,1998-09-30,1049.02,1049.02,1015.73,1017.01,444500000,month_end
271,1998-10,1998-10-30,1085.93,1103.78,1085.93,1098.67,436111111,month_end
272,1998-11,1998-11-30,1192.33,1192.72,1163.63,1163.63,382166667,month_end
273,1998-12,1998-12-31,1231.93,1237.18,1224.96,1229.23,399555556,month_end
274,1999-01,1999-01-29,1265.37,1280.37,1255.18,1279.64,509444444,month_end
275,1999-02,1999-02-26,1245.02,1246.73,1226.24,1238.33,435888889,month_end
276,1999-03,1999-03-31,1300.75,1313.6,1285.87,1286.37,513500000,month_end
277,1999-04,1999-04-30,1342.83,1351.83,1314.58,1335.18,520277778,month_end
278,1999-05,1999-05-28,1281.41,1304.0,1281.41,1301.84,361088889,month_end
279,1999-06,1999-06-30,1351.45,1372.93,1338.78,1372.71,620555556,month_end
280,1999-07,1999-07-30,1341.03,1350.92,1328.49,1328.72,409333333,month_end
281,1999-08,1999-08-31,1324.02,1333.27,1306.96,1320.41,478722222,month_end
282,1999-09,1999-09-30,1268.37,1291.31,1268.37,1282.71,565333333,month_end
283,1999-10,1999-10-29,1342.44,1373.17,1342.44,1362.93,622500000,month_end
284,1999-11,1999-11-30,1407.83,1410.59,1386.95,1389.07,528611111,month_end
285,1999-12,1999-12-31,1466.71,1472.42,1463.41,1469.25,207805556,month_end
286,2000-01,2000-01-31,1360.16,1394.48,1350.14,1394.46,552111111,month_end
287,2000-02,2000-02-29,1348.05,1369.63,1348.05,1366.42,669055556,month_end
288,2000-03,2000-03-31,1487.92,1519.81,1484.38,1498.58,681888889,month_end
289,2000-04,2000-04-28,1464.92,1473.62,1448.15,1452.43,547000000,month_end
290,2000-05,2000-05-31,1422.44,1434.49,1415.5,1420.6,533611111,month_end
291,2000-06,2000-06-30,1442.39,1454.68,1438.71,1454.6,810944444,month_end
292,2000-07,2000-07-31,1419.89,1437.65,1418.71,1430.83,529222222,month_end
293,2000-08,2000-08-31,1502.59,1525.21,1502.59,1517.68,587000000,month_end
294,2000-09,2000-09-29,1458.29,1458.29,1436.29,1436.51,665055556,month_end
295,2000-10,2000-10-31,1398.66,1432.22,1398.66,1429.4,759111111,month_end
296,2000-11,2000-11-30,1341.91,1341.91,1294.9,1314.95,659183333,month_end
297,2000-12,2000-12-29,1334.22,1340.1,1317.51,1320.28,575277778,month_end
298,2001-01,2001-01-31,1373.73,1383.37,1364.66,1366.01,719611111,month_end
299,2001-02,2001-02-28,1257.94,1263.47,1229.65,1239.94,680722222,month_end
300,2001-03,2001-03-30,1147.95,1162.8,1143.83,1160.33,711555556,month_end
301,2001-04,2001-04-30,1253.05,1269.3,1243.99,1249.46,703777778,month_end
302,2001-05,2001-05-31,1248.08,1261.91,1248.07,1255.82,681444444,month_end
303,2001-06,2001-06-29,1226.2,1237.29,1221.14,1224.38,1017977778,month_end
304,2001-07,2001-07-31,1204.52,1222.74,1204.52,1211.23,627333333,month_end
305,2001-08,2001-08-31,1129.03,1141.83,1126.38,1133.58,511166667,month_end
306,2001-09,2001-09-28,1018.61,1040.94,1018.61,1040.94,906388889,month_end
307,2001-10,2001-10-31,1059.79,1074.79,1057.55,1059.78,751388889,month_end
308,2001-11,2001-11-30,1140.2,1143.57,1135.89,1139.45,746444444,month_end
309,2001-12,2001-12-31,1161.02,1161.16,1148.04,1148.08,524222222,month_end
310,2002-01,2002-01-31,1113.57,1130.21,1113.3,1130.2,865000000,month_end
311,2002-02,2002-02-28,1109.89,1121.57,1106.73,1106.73,773444444,month_end
312,2002-03,2002-03-28,1144.58,1154.45,1144.58,1147.39,637555556,month_end
313,2002-04,2002-04-30,1065.45,1082.62,1063.46,1076.92,904777778,month_end
314,2002-05,2002-05-31,1064.66,1079.93,1064.66,1067.14,709611111,month_end
315,2002-06,2002-06-28,990.64,1001.79,988.31,989.82,1176111111,month_end
316,2002-07,2002-07-31,902.78,911.64,889.88,911.62,1138533333,month_end
317,2002-08,2002-08-30,917.8,928.15,910.17,916.07,516611111,month_end
318,2002-09,2002-09-30,827.37,827.37,800.2,815.28,956594444,month_end
319,2002-10,2002-10-31,890.71,898.83,879.75,885.76,911833333,month_end
320,2002-11,2002-11-29,938.87,941.82,935.58,936.31,357477778,month_end
321,2002-12,2002-12-31,879.39,881.93,869.45,879.82,604722222,month_end
322,2003-01,2003-01-31,844.61,858.33,840.34,855.7,876961111,month_end
323,2003-02,2003-02-28,837.28,847.0,837.28,841.15,762944444,month_end
324,2003-03,2003-03-31,863.5,863.5,843.68,848.18,830833333,month_end
325,2003-04,2003-04-30,917.84,922.01,911.7,916.92,993616667,month_end
326,2003-05,2003-05-30,949.64,965.38,949.64,963.59,938222222,month_end
327,2003-06,2003-06-30,976.22,983.61,973.6,974.5,881777778,month_end
328,2003-07,2003-07-31,987.49,1004.59,987.49,990.31,893333333,month_end
329,2003-08,2003-08-29,1002.84,1008.85,999.52,1008.01,525055556,month_end
330,2003-09,2003-09-30,1006.58,1006.58,990.36,995.97,883611111,month_end
331,2003-10,2003-10-31,1046.94,1053.09,1046.94,1050.71,832722222,month_end
332,2003-11,2003-11-28,1058.45,1060.63,1056.77,1058.2,270677778,month_end
333,2003-12,2003-12-31,1109.64,1112.56,1106.21,1111.92,570833333,month_end
334,2004-01,2004-01-30,1134.11,1134.17,1127.73,1131.13,908333333,month_end
335,2004-02,2004-02-27,1145.8,1151.68,1141.8,1144.94,855777778,month_end
336,2004-03,2004-03-31,1127.0,1130.83,1121.46,1126.21,867055556,month_end
337,2004-04,2004-04-30,1113.89,1119.26,1107.23,1107.3,908166667,month_end
338,2004-05,2004-05-28,1121.28,1122.69,1118.1,1120.68,651444444,month_end
339,2004-06,2004-06-30,1136.2,1144.2,1133.62,1140.84,818777778,month_end
340,2004-07,2004-07-30,1100.43,1103.73,1096.96,1101.72,721222222,month_end
341,2004-08,2004-08-31,1099.15,1104.24,1094.72,1104.24,632333333,month_end
342,2004-09,2004-09-30,1114.8,1116.31,1109.68,1114.58,971111111,month_end
343,2004-10,2004-10-29,1127.44,1131.4,1124.62,1130.2,833777778,month_end
344,2004-11,2004-11-30,1178.57,1178.66,1173.81,1173.82,863055556,month_end
345,2004-12,2004-12-31,1213.55,1217.33,1211.65,1211.92,437166667,month_end
346,2005-01,2005-01-31,1171.36,1182.07,1171.36,1181.27,933222222,month_end
347,2005-02,2005-02-28,1211.37,1211.37,1198.13,1203.6,997488889,month_end
348,2005-03,2005-03-31,1181.41,1184.53,1179.49,1180.59,1230127778,month_end
349,2005-04,2005-04-29,1143.22,1156.97,1139.19,1156.85,1312422222,month_end
350,2005-05,2005-05-31,1198.78,1198.78,1191.5,1191.5,1022600000,month_end
351,2005-06,2005-06-30,1199.85,1203.27,1190.51,1191.33,1171938889,month_end
352,2005-07,2005-07-29,1243.72,1245.04,1234.18,1234.18,994222222,month_end
353,2005-08,2005-08-31,1208.41,1220.36,1204.4,1220.33,1314172222,month_end
354,2005-09,2005-09-30,1227.68,1229.57,1225.22,1228.81,1165288889,month_end
355,2005-10,2005-10-31,1198.41,1211.43,1198.41,1207.01,1426372222,month_end
356,2005-11,2005-11-30,1257.48,1260.93,1249.39,1249.48,1319272222,month_end
357,2005-12,2005-12-30,1254.42,1254.42,1246.59,1248.29,801944444,month_end
358,2006-01,2006-01-31,1285.2,1285.2,1276.85,1280.08,1504616667,month_end
359,2006-02,2006-02-28,1294.12,1294.12,1278.66,1280.66,1317144444,month_end
360,2006-03,2006-03-31,1300.25,1303.0,1294.87,1294.87,1242616667,month_end
361,2006-04,2006-04-28,1309.72,1316.04,1306.16,1310.61,1344400000,month_end
362,2006-05,2006-05-31,1259.38,1270.09,1259.38,1270.09,1495644444,month_end
363,2006-06,2006-06-30,1272.86,1276.3,1270.2,1270.2,1694200000,month_end
364,2006-07,2006-07-31,1278.53,1278.66,1274.31,1276.66,1367388889,month_end
365,2006-08,2006-08-31,1304.25,1306.11,1302.45,1303.82,1096966667,month_end
366,2006-09,2006-09-29,1339.15,1339.88,1335.64,1335.85,1263016667,month_end
367,2006-10,2006-10-31,1377.93,1381.21,1372.19,1377.94,1557238889,month_end
368,2006-11,2006-11-30,1399.47,1406.3,1393.83,1400.63,2225683333,month_end
369,2006-12,2006-12-29,1424.71,1427.0,1416.84,1418.3,932333333,month_end
370,2007-01,2007-01-31,1428.65,1441.61,1424.78,1438.24,1653716667,month_end
371,2007-02,2007-02-28,1398.64,1415.89,1396.65,1406.82,2180694444,month_end
372,2007-03,2007-03-30,1422.52,1429.22,1408.9,1420.86,1613311111,month_end
373,2007-04,2007-04-30,1494.07,1497.16,1482.29,1482.37,1718566667,month_end
374,2007-05,2007-05-31,1530.19,1535.56,1528.26,1530.62,1853072222,month_end
375,2007-06,2007-06-29,1505.7,1517.53,1493.61,1503.35,1758561111,month_end
376,2007-07,2007-07-31,1473.9,1488.3,1454.25,1455.27,2513622222,month_end
377,2007-08,2007-08-31,1457.61,1481.47,1457.61,1473.99,1517561111,month_end
378,2007-09,2007-09-28,1531.24,1533.74,1521.99,1526.75,1625194444,month_end
379,2007-10,2007-10-31,1532.15,1552.76,1529.4,1549.38,2196150000,month_end
380,2007-11,2007-11-30,1471.83,1488.94,1470.89,1481.14,2456777778,month_end
381,2007-12,2007-12-31,1475.25,1475.83,1465.13,1468.36,1356044444,month_end
382,2008-01,2008-01-31,1351.98,1385.62,1334.08,1378.55,2761272222,month_end
383,2008-02,2008-02-29,1364.07,1364.07,1325.42,1330.63,2459294444,month_end
384,2008-03,2008-03-31,1315.92,1328.52,1312.81,1322.7,2327216667,month_end
385,2008-04,2008-04-30,1391.22,1404.57,1384.25,1385.59,2504938889,month_end
386,2008-05,2008-05-30,1398.36,1404.46,1398.08,1400.38,2136461111,month_end
387,2008-06,2008-06-30,1278.06,1290.31,1274.86,1280.0,2795738889,month_end
388,2008-07,2008-07-31,1281.37,1284.93,1265.97,1267.38,2970027778,month_end
389,2008-08,2008-08-29,1296.49,1297.59,1282.74,1282.83,1826733333,month_end
390,2008-09,2008-09-30,1113.78,1168.03,1113.78,1166.36,2743155556,month_end
391,2008-10,2008-10-31,953.11,984.38,944.59,968.75,3552416667,month_end
392,2008-11,2008-11-28,886.89,896.25,881.21,896.24,1522700000,month_end
393,2008-12,2008-12-31,890.59,910.32,889.67,903.25,2318300000,month_end
394,2009-01,2009-01-30,845.69,851.66,821.67,825.88,2972544444,month_end
395,2009-02,2009-02-27,749.93,751.27,734.52,735.09,4959155556,month_end
396,2009-03,2009-03-31,790.88,810.48,790.88,797.87,3382833333,month_end
397,2009-04,2009-04-30,876.59,888.7,868.51,872.81,3812522222,month_end
398,2009-05,2009-05-29,907.02,920.02,903.56,919.14,3361344444,month_end
399,2009-06,2009-06-30,927.15,930.01,912.86,919.32,2570872222,month_end
400,2009-07,2009-07-31,986.8,993.18,982.85,987.48,2855038889,month_end
401,2009-08,2009-08-31,1025.21,1025.21,1014.62,1020.62,2780311111,month_end
402,2009-09,2009-09-30,1061.02,1063.4,1046.47,1057.08,3332700000,month_end
403,2009-10,2009-10-30,1065.41,1065.41,1033.38,1036.19,3618011111,month_end
404,2009-11,2009-11-30,1091.07,1097.24,1086.25,1095.63,2164177778,month_end
405,2009-12,2009-12-31,1126.6,1127.64,1114.81,1115.1,1153883333,month_end
406,2010-01,2010-01-29,1087.61,1096.45,1071.59,1073.87,3007138889,month_end
407,2010-02,2010-02-26,1103.1,1107.24,1097.56,1104.49,2191772222,month_end
408,2010-03,2010-03-31,1171.75,1174.56,1165.77,1169.43,2491300000,month_end
409,2010-04,2010-04-30,1206.77,1207.99,1186.32,1186.69,3360144444,month_end
410,2010-05,2010-05-28,1102.59,1102.59,1084.78,1089.41,2706227778,month_end
411,2010-06,2010-06-30,1040.56,1048.08,1028.33,1030.71,2815044444,month_end
412,2010-07,2010-07-30,1098.44,1106.44,1088.01,1101.6,2225805556,month_end
413,2010-08,2010-08-31,1046.88,1055.14,1040.88,1049.33,2243761111,month_end
414,2010-09,2010-09-30,1145.97,1157.16,1136.08,1141.2,2380088889,month_end
415,2010-10,2010-10-29,1183.87,1185.46,1179.7,1183.26,1965488889,month_end
416,2010-11,2010-11-30,1182.96,1187.4,1174.14,1180.55,2380388889,month_end
417,2010-12,2010-12-31,1256.76,1259.34,1254.19,1257.64,999872222,month_end
418,2011-01,2011-01-31,1276.5,1287.17,1276.5,1286.12,2315088889,month_end
419,2011-02,2011-02-28,1321.61,1329.38,1320.55,1327.22,696027778,month_end
420,2011-03,2011-03-31,1327.44,1329.77,1325.03,1325.83,1981261111,month_end
421,2011-04,2011-04-29,1360.14,1364.56,1358.69,1363.61,1932816667,month_end
422,2011-05,2011-05-31,1331.1,1345.2,1331.1,1345.2,2609022222,month_end
423,2011-06,2011-06-30,1307.64,1321.97,1307.64,1320.64,2333611111,month_end
424,2011-07,2011-07-29,1300.12,1304.16,1282.86,1292.28,2811772222,month_end
425,2011-08,2011-08-31,1213.0,1230.71,1209.35,1218.89,2926577778,month_end
426,2011-09,2011-09-30,1159.93,1159.93,1131.34,1131.42,2453772222,month_end
427,2011-10,2011-10-31,1284.96,1284.96,1253.16,1253.3,2394561111,month_end
428,2011-11,2011-11-30,1196.72,1247.11,1196.72,1246.96,3223283333,month_end
429,2011-12,2011-12-30,1262.82,1264.12,1257.46,1257.6,1262138889,month_end
430,2012-01,2012-01-31,1313.53,1321.41,1306.69,1312.41,2353083333,month_end
431,2012-02,2012-02-29,1372.2,1378.04,1363.81,1365.68,2490205556,month_end
432,2012-03,2012-03-30,1403.31,1410.89,1401.42,1408.47,2042716667,month_end
433,2012-04,2012-04-30,1403.26,1403.26,1394.0,1397.91,1985561111,month_end
434,2012-05,2012-05-31,1313.09,1319.74,1298.9,1310.33,2532011111,month_end
435,2012-06,2012-06-29,1330.12,1362.17,1330.12,1362.16,2550266667,month_end
436,2012-07,2012-07-31,1385.27,1387.16,1379.17,1379.32,2123094444,month_end
437,2012-08,2012-08-31,1400.07,1413.09,1398.96,1406.58,1632361111,month_end
438,2012-09,2012-09-28,1447.13,1447.13,1435.6,1440.67,1949572222,month_end
439,2012-10,2012-10-31,1410.99,1418.76,1405.95,1412.16,1987283333,month_end
440,2012-11,2012-11-30,1415.95,1418.86,1411.63,1416.18,2203333333,month_end
441,2012-12,2012-12-31,1402.43,1426.74,1398.11,1426.19,1780183333,month_end
442,2013-01,2013-01-31,1501.96,1504.19,1496.76,1498.11,2222155556,month_end
443,2013-02,2013-02-28,1515.99,1525.34,1514.46,1514.68,2173511111,month_end
444,2013-03,2013-03-28,1562.86,1570.28,1561.08,1569.19,1835800000,month_end
445,2013-04,2013-04-30,1593.58,1597.57,1586.5,1597.57,2080594444,month_end
446,2013-05,2013-05-31,1652.13,1658.99,1630.74,1630.74,2277555556,month_end
447,2013-06,2013-06-28,1611.12,1615.94,1601.06,1606.28,2765105556,month_end
448,2013-07,2013-07-31,1687.76,1698.43,1684.94,1685.73,2137438889,month_end
449,2013-08,2013-08-30,1638.89,1640.08,1628.05,1632.97,1519055556,month_end
450,2013-09,2013-09-30,1687.26,1687.26,1674.99,1681.55,1838127778,month_end
451,2013-10,2013-10-31,1763.24,1768.53,1755.72,1756.54,2125850000,month_end
452,2013-11,2013-11-29,1808.69,1813.55,1803.98,1805.81,887944444,month_end
453,2013-12,2013-12-31,1842.61,1849.44,1842.41,1848.36,1284911111,month_end
454,2014-01,2014-01-31,1790.88,1793.88,1772.26,1782.59,2255383333,month_end
455,2014-02,2014-02-28,1855.12,1867.92,1847.67,1859.45,2176361111,month_end
456,2014-03,2014-03-31,1859.16,1875.18,1859.16,1872.34,1819055556,month_end
457,2014-04,2014-04-30,1877.1,1885.2,1872.69,1883.95,2099572222,month_end
458,2014-05,2014-05-30,1920.33,1924.03,1916.64,1923.57,1813050000,month_end
459,2014-06,2014-06-30,1960.79,1964.24,1958.22,1960.23,1687416667,month_end
460,2014-07,2014-07-31,1965.14,1965.14,1930.67,1930.67,2329444444,month_end
461,2014-08,2014-08-29,1998.45,2003.38,1994.65,2003.37,1255072222,month_end
462,2014-09,2014-09-30,1978.21,1985.17,1968.96,1972.29,2195055556,month_end
463,2014-10,2014-10-31,2001.2,2018.19,2001.2,2018.05,2384605556,month_end
464,2014-11,2014-11-28,2074.78,2075.76,2065.06,2067.56,1391466667,month_end
465,2014-12,2014-12-31,2082.11,2085.58,2057.94,2058.9,1447816667,month_end
466,2015-01,2015-01-30,2019.35,2023.32,1993.38,1994.99,2538138889,month_end
467,2015-02,2015-02-27,2110.88,2112.74,2103.75,2104.5,1970766667,month_end
468,2015-03,2015-03-31,2084.05,2084.05,2067.04,2067.89,1875861111,month_end
469,2015-04,2015-04-30,2105.52,2105.52,2077.59,2085.51,2505377778,month_end
470,2015-05,2015-05-29,2120.66,2120.66,2104.89,2107.39,2181883333,month_end
471,2015-06,2015-06-30,2061.19,2074.28,2056.32,2063.11,2265855556,month_end
472,2015-07,2015-07-31,2111.6,2114.24,2102.07,2103.84,2045188889,month_end
473,2015-08,2015-08-31,1986.73,1986.73,1965.98,1972.18,2175055556,month_end
474,2015-09,2015-09-30,1887.14,1920.53,1887.14,1920.03,2513927778,month_end
475,2015-10,2015-10-30,2090.0,2094.32,2079.34,2079.36,2364555556,month_end
476,2015-11,2015-11-30,2090.95,2093.81,2080.41,2080.41,2375016667,month_end
477,2015-12,2015-12-31,2060.59,2062.54,2043.62,2043.94,1475183333,month_end
478,2016-01,2016-01-29,1894.0,1940.24,1894.0,1940.24,3054205556,month_end
479,2016-02,2016-02-29,1947.13,1958.27,1931.81,1932.23,2548988889,month_end
